GAME_ID,TEAM_ID,TEAM_ABBREVIATION,TEAM_NAME,Q1,Q2,Q3,Q4,OT,OT_FLAG,OT_PERIODS,PTS,GAME_DATE,MATCHUP,SEASON,SEASON_TYPE
0022500001,1610612745,HOU,Rockets,30,27,22,25,20,1,2,124,2025-10-21,HOU @ OKC,2025-26,Regular Season
0022500001,1610612760,OKC,Thunder,27,24,24,29,21,1,2,125,2025-10-21,HOU @ OKC,2025-26,Regular Season
0022500002,1610612744,GSW,Warriors,28,27,35,29,0,0,0,119,2025-10-21,GSW @ LAL,2025-26,Regular Season
0022500002,1610612747,LAL,Lakers,22,32,25,30,0,0,0,109,2025-10-21,GSW @ LAL,2025-26,Regular Season
0022500003,1610612739,CLE,Cavaliers,23,27,37,24,0,0,0,111,2025-10-22,NYK vs. CLE,2025-26,Regular Season
0022500003,1610612752,NYK,Knicks,33,32,22,32,0,0,0,119,2025-10-22,NYK vs. CLE,2025-26,Regular Season
0022500004,1610612742,DAL,Mavericks,29,22,21,20,0,0,0,92,2025-10-22,DAL vs. SAS,2025-26,Regular Season
0022500004,1610612759,SAS,Spurs,28,32,33,32,0,0,0,125,2025-10-22,DAL vs. SAS,2025-26,Regular Season
0022500080,1610612751,BKN,Nets,32,28,37,20,0,0,0,117,2025-10-22,BKN @ CHA,2025-26,Regular Season
0022500080,1610612766,CHA,Hornets,38,39,34,25,0,0,0,136,2025-10-22,BKN @ CHA,2025-26,Regular Season
0022500081,1610612748,MIA,Heat,39,26,26,30,0,0,0,121,2025-10-22,MIA @ ORL,2025-26,Regular Season
0022500081,1610612753,ORL,Magic,38,31,21,35,0,0,0,125,2025-10-22,MIA @ ORL,2025-26,Regular Season
0022500082,1610612737,ATL,Hawks,34,25,28,31,0,0,0,118,2025-10-22,ATL vs. TOR,2025-26,Regular Season
0022500082,1610612761,TOR,Raptors,36,29,45,28,0,0,0,138,2025-10-22,ATL vs. TOR,2025-26,Regular Season
0022500083,1610612738,BOS,Celtics,28,23,35,30,0,0,0,116,2025-10-22,BOS vs. PHI,2025-26,Regular Season
0022500083,1610612755,PHI,76ers,26,31,18,42,0,0,0,117,2025-10-22,BOS vs. PHI,2025-26,Regular Season
0022500084,1610612741,CHI,Bulls,35,29,30,21,0,0,0,115,2025-10-22,CHI vs. DET,2025-26,Regular Season
0022500084,1610612765,DET,Pistons,19,30,30,32,0,0,0,111,2025-10-22,CHI vs. DET,2025-26,Regular Season
0022500085,1610612740,NOP,Pelicans,30,37,22,33,0,0,0,122,2025-10-22,NOP @ MEM,2025-26,Regular Season
0022500085,1610612763,MEM,Grizzlies,27,29,41,31,0,0,0,128,2025-10-22,NOP @ MEM,2025-26,Regular Season
0022500086,1610612749,MIL,Bucks,40,32,29,32,0,0,0,133,2025-10-22,WAS @ MIL,2025-26,Regular Season
0022500086,1610612764,WAS,Wizards,23,30,37,30,0,0,0,120,2025-10-22,WAS @ MIL,2025-26,Regular Season
0022500087,1610612746,LAC,Clippers,19,28,33,28,0,0,0,108,2025-10-22,UTA vs. LAC,2025-26,Regular Season
0022500087,1610612762,UTA,Jazz,43,35,30,21,0,0,0,129,2025-10-22,UTA vs. LAC,2025-26,Regular Season
0022500088,1610612756,PHX,Suns,19,35,36,30,0,0,0,120,2025-10-22,SAC @ PHX,2025-26,Regular Season
0022500088,1610612758,SAC,Kings,29,42,21,24,0,0,0,116,2025-10-22,SAC @ PHX,2025-26,Regular Season
0022500089,1610612750,MIN,Timberwolves,33,24,31,30,0,0,0,118,2025-10-22,MIN @ POR,2025-26,Regular Season
0022500089,1610612757,POR,Trail Blazers,35,26,34,19,0,0,0,114,2025-10-22,MIN @ POR,2025-26,Regular Season
0022500005,1610612754,IND,Pacers,25,22,31,35,22,1,2,135,2025-10-23,IND vs. OKC,2025-26,Regular Season
0022500005,1610612760,OKC,Thunder,22,32,27,32,28,1,2,141,2025-10-23,IND vs. OKC,2025-26,Regular Season
0022500006,1610612743,DEN,Nuggets,31,39,24,26,11,1,1,131,2025-10-23,DEN @ GSW,2025-26,Regular Season
0022500006,1610612744,GSW,Warriors,27,34,33,26,17,1,1,137,2025-10-23,DEN @ GSW,2025-26,Regular Season
0022500018,1610612738,BOS,Celtics,30,14,21,30,0,0,0,95,2025-10-24,BOS @ NYK,2025-26,Regular Season
0022500018,1610612752,NYK,Knicks,22,42,18,23,0,0,0,105,2025-10-24,BOS @ NYK,2025-26,Regular Season
0022500019,1610612747,LAL,Lakers,36,32,40,20,0,0,0,128,2025-10-24,MIN @ LAL,2025-26,Regular Season
0022500019,1610612750,MIN,Timberwolves,40,23,31,16,0,0,0,110,2025-10-24,MIN @ LAL,2025-26,Regular Season
0022500090,1610612737,ATL,Hawks,25,26,27,33,0,0,0,111,2025-10-24,ATL @ ORL,2025-26,Regular Season
0022500090,1610612753,ORL,Magic,24,37,25,21,0,0,0,107,2025-10-24,ATL @ ORL,2025-26,Regular Season
0022500091,1610612739,CLE,Cavaliers,34,29,45,23,0,0,0,131,2025-10-24,CLE @ BKN,2025-26,Regular Season
0022500091,1610612751,BKN,Nets,23,28,35,38,0,0,0,124,2025-10-24,CLE @ BKN,2025-26,Regular Season
0022500092,1610612749,MIL,Bucks,27,25,34,36,0,0,0,122,2025-10-24,MIL @ TOR,2025-26,Regular Season
0022500092,1610612761,TOR,Raptors,19,35,32,30,0,0,0,116,2025-10-24,MIL @ TOR,2025-26,Regular Season
0022500093,1610612745,HOU,Rockets,33,23,30,25,0,0,0,111,2025-10-24,DET @ HOU,2025-26,Regular Season
0022500093,1610612765,DET,Pistons,32,31,24,28,0,0,0,115,2025-10-24,DET @ HOU,2025-26,Regular Season
0022500094,1610612748,MIA,Heat,44,42,28,32,0,0,0,146,2025-10-24,MEM vs. MIA,2025-26,Regular Season
0022500094,1610612763,MEM,Grizzlies,25,22,29,38,0,0,0,114,2025-10-24,MEM vs. MIA,2025-26,Regular Season
0022500095,1610612740,NOP,Pelicans,27,31,22,27,9,1,1,116,2025-10-24,NOP vs. SAS,2025-26,Regular Season
0022500095,1610612759,SAS,Spurs,30,27,25,25,13,1,1,120,2025-10-24,NOP vs. SAS,2025-26,Regular Season
0022500096,1610612742,DAL,Mavericks,35,17,26,29,0,0,0,107,2025-10-24,DAL vs. WAS,2025-26,Regular Season
0022500096,1610612764,WAS,Wizards,28,30,33,26,0,0,0,117,2025-10-24,DAL vs. WAS,2025-26,Regular Season
0022500097,1610612744,GSW,Warriors,28,28,35,28,0,0,0,119,2025-10-24,GSW @ POR,2025-26,Regular Season
0022500097,1610612757,POR,Trail Blazers,28,41,34,36,0,0,0,139,2025-10-24,GSW @ POR,2025-26,Regular Season
0022500098,1610612758,SAC,Kings,31,18,29,27,0,0,0,105,2025-10-24,SAC vs. UTA,2025-26,Regular Season
0022500098,1610612762,UTA,Jazz,24,22,30,28,0,0,0,104,2025-10-24,SAC vs. UTA,2025-26,Regular Season
0022500099,1610612746,LAC,Clippers,34,38,34,23,0,0,0,129,2025-10-24,PHX @ LAC,2025-26,Regular Season
0022500099,1610612756,PHX,Suns,33,23,21,25,0,0,0,102,2025-10-24,PHX @ LAC,2025-26,Regular Season
0022500100,1610612741,CHI,Bulls,29,23,31,27,0,0,0,110,2025-10-25,CHI @ ORL,2025-26,Regular Season
0022500100,1610612753,ORL,Magic,30,19,31,18,0,0,0,98,2025-10-25,CHI @ ORL,2025-26,Regular Season
0022500101,1610612737,ATL,Hawks,26,29,25,20,0,0,0,100,2025-10-25,OKC @ ATL,2025-26,Regular Season
0022500101,1610612760,OKC,Thunder,31,29,39,18,0,0,0,117,2025-10-25,OKC @ ATL,2025-26,Regular Season
0022500102,1610612755,PHI,76ers,36,25,25,39,0,0,0,125,2025-10-25,CHA @ PHI,2025-26,Regular Season
0022500102,1610612766,CHA,Hornets,29,29,38,25,0,0,0,121,2025-10-25,CHA @ PHI,2025-26,Regular Season
0022500103,1610612754,IND,Pacers,21,31,32,19,0,0,0,103,2025-10-25,MEM vs. IND,2025-26,Regular Season
0022500103,1610612763,MEM,Grizzlies,23,37,43,25,0,0,0,128,2025-10-25,MEM vs. IND,2025-26,Regular Season
0022500104,1610612743,DEN,Nuggets,34,37,29,33,0,0,0,133,2025-10-25,PHX @ DEN,2025-26,Regular Season
0022500104,1610612756,PHX,Suns,28,26,29,28,0,0,0,111,2025-10-25,PHX @ DEN,2025-26,Regular Season
0022500105,1610612751,BKN,Nets,24,24,33,26,0,0,0,107,2025-10-26,BKN @ SAS,2025-26,Regular Season
0022500105,1610612759,SAS,Spurs,31,38,19,30,0,0,0,118,2025-10-26,BKN @ SAS,2025-26,Regular Season
0022500106,1610612738,BOS,Celtics,33,25,23,32,0,0,0,113,2025-10-26,DET vs. BOS,2025-26,Regular Season
0022500106,1610612765,DET,Pistons,24,36,34,25,0,0,0,119,2025-10-26,DET vs. BOS,2025-26,Regular Season
0022500107,1610612739,CLE,Cavaliers,29,36,21,32,0,0,0,118,2025-10-26,CLE vs. MIL,2025-26,Regular Season
0022500107,1610612749,MIL,Bucks,31,25,28,29,0,0,0,113,2025-10-26,CLE vs. MIL,2025-26,Regular Season
0022500108,1610612748,MIA,Heat,24,33,31,27,0,0,0,115,2025-10-26,NYK @ MIA,2025-26,Regular Season
0022500108,1610612752,NYK,Knicks,27,27,27,26,0,0,0,107,2025-10-26,NYK @ MIA,2025-26,Regular Season
0022500109,1610612764,WAS,Wizards,30,32,26,25,0,0,0,113,2025-10-26,WAS vs. CHA,2025-26,Regular Season
0022500109,1610612766,CHA,Hornets,31,20,44,44,0,0,0,139,2025-10-26,WAS vs. CHA,2025-26,Regular Season
0022500110,1610612750,MIN,Timberwolves,28,30,28,28,0,0,0,114,2025-10-26,IND @ MIN,2025-26,Regular Season
0022500110,1610612754,IND,Pacers,28,32,17,33,0,0,0,110,2025-10-26,IND @ MIN,2025-26,Regular Season
0022500111,1610612742,DAL,Mavericks,32,32,39,36,0,0,0,139,2025-10-26,TOR @ DAL,2025-26,Regular Season
0022500111,1610612761,TOR,Raptors,32,34,25,38,0,0,0,129,2025-10-26,TOR @ DAL,2025-26,Regular Season
0022500112,1610612746,LAC,Clippers,34,21,32,27,0,0,0,114,2025-10-26,LAC vs. POR,2025-26,Regular Season
0022500112,1610612757,POR,Trail Blazers,23,37,22,25,0,0,0,107,2025-10-26,LAC vs. POR,2025-26,Regular Season
0022500113,1610612747,LAL,Lakers,36,26,33,32,0,0,0,127,2025-10-26,SAC vs. LAL,2025-26,Regular Season
0022500113,1610612758,SAC,Kings,27,35,28,30,0,0,0,120,2025-10-26,SAC vs. LAL,2025-26,Regular Season
0022500007,1610612739,CLE,Cavaliers,33,30,27,26,0,0,0,116,2025-10-27,DET vs. CLE,2025-26,Regular Season
0022500007,1610612765,DET,Pistons,24,17,25,29,0,0,0,95,2025-10-27,DET vs. CLE,2025-26,Regular Season
0022500008,1610612743,DEN,Nuggets,34,23,45,25,0,0,0,127,2025-10-27,MIN vs. DEN,2025-26,Regular Season
0022500008,1610612750,MIN,Timberwolves,30,35,29,20,0,0,0,114,2025-10-27,MIN vs. DEN,2025-26,Regular Season
0022500114,1610612753,ORL,Magic,28,32,34,30,0,0,0,124,2025-10-27,ORL @ PHI,2025-26,Regular Season
0022500114,1610612755,PHI,76ers,33,39,29,35,0,0,0,136,2025-10-27,ORL @ PHI,2025-26,Regular Season
0022500115,1610612737,ATL,Hawks,35,23,34,31,0,0,0,123,2025-10-27,ATL @ CHI,2025-26,Regular Season
0022500115,1610612741,CHI,Bulls,27,30,41,30,0,0,0,128,2025-10-27,ATL @ CHI,2025-26,Regular Season
0022500116,1610612745,HOU,Rockets,42,29,32,34,0,0,0,137,2025-10-27,HOU vs. BKN,2025-26,Regular Season
0022500116,1610612751,BKN,Nets,25,35,17,32,0,0,0,109,2025-10-27,HOU vs. BKN,2025-26,Regular Season
0022500117,1610612738,BOS,Celtics,34,31,22,35,0,0,0,122,2025-10-27,NOP vs. BOS,2025-26,Regular Season
0022500117,1610612740,NOP,Pelicans,26,28,24,12,0,0,0,90,2025-10-27,NOP vs. BOS,2025-26,Regular Season
0022500118,1610612759,SAS,Spurs,41,28,26,26,0,0,0,121,2025-10-27,TOR @ SAS,2025-26,Regular Season
0022500118,1610612761,TOR,Raptors,29,21,28,25,0,0,0,103,2025-10-27,TOR @ SAS,2025-26,Regular Season
0022500119,1610612742,DAL,Mavericks,24,18,27,25,0,0,0,94,2025-10-27,OKC @ DAL,2025-26,Regular Season
0022500119,1610612760,OKC,Thunder,28,20,39,14,0,0,0,101,2025-10-27,OKC @ DAL,2025-26,Regular Season
0022500120,1610612756,PHX,Suns,27,34,25,38,10,1,1,134,2025-10-27,UTA vs. PHX,2025-26,Regular Season
0022500120,1610612762,UTA,Jazz,39,25,30,30,14,1,1,138,2025-10-27,UTA vs. PHX,2025-26,Regular Season
0022500121,1610612744,GSW,Warriors,36,29,36,30,0,0,0,131,2025-10-27,MEM @ GSW,2025-26,Regular Season
0022500121,1610612763,MEM,Grizzlies,37,24,24,33,0,0,0,118,2025-10-27,MEM @ GSW,2025-26,Regular Season
0022500122,1610612747,LAL,Lakers,24,27,26,31,0,0,0,108,2025-10-27,LAL vs. POR,2025-26,Regular Season
0022500122,1610612757,POR,Trail Blazers,28,29,32,33,0,0,0,122,2025-10-27,LAL vs. POR,2025-26,Regular Season
0022500123,1610612755,PHI,76ers,32,36,26,32,13,1,1,139,2025-10-28,PHI @ WAS,2025-26,Regular Season
0022500123,1610612764,WAS,Wizards,40,32,38,16,8,1,1,134,2025-10-28,PHI @ WAS,2025-26,Regular Season
0022500124,1610612748,MIA,Heat,37,39,29,39,0,0,0,144,2025-10-28,MIA vs. CHA,2025-26,Regular Season
0022500124,1610612766,CHA,Hornets,34,26,28,29,0,0,0,117,2025-10-28,MIA vs. CHA,2025-26,Regular Season
0022500125,1610612749,MIL,Bucks,27,32,35,27,0,0,0,121,2025-10-28,MIL vs. NYK,2025-26,Regular Season
0022500125,1610612752,NYK,Knicks,26,45,20,20,0,0,0,111,2025-10-28,MIL vs. NYK,2025-26,Regular Season
0022500126,1610612758,SAC,Kings,29,33,21,18,0,0,0,101,2025-10-28,OKC vs. SAC,2025-26,Regular Season
0022500126,1610612760,OKC,Thunder,24,34,22,27,0,0,0,107,2025-10-28,OKC vs. SAC,2025-26,Regular Season
0022500127,1610612744,GSW,Warriors,33,13,32,20,0,0,0,98,2025-10-28,LAC @ GSW,2025-26,Regular Season
0022500127,1610612746,LAC,Clippers,25,24,14,16,0,0,0,79,2025-10-28,LAC @ GSW,2025-26,Regular Season
0022500128,1610612738,BOS,Celtics,40,35,23,27,0,0,0,125,2025-10-29,CLE @ BOS,2025-26,Regular Season
0022500128,1610612739,CLE,Cavaliers,42,18,25,20,0,0,0,105,2025-10-29,CLE @ BOS,2025-26,Regular Season
0022500129,1610612753,ORL,Magic,36,28,28,24,0,0,0,116,2025-10-29,DET vs. ORL,2025-26,Regular Season
0022500129,1610612765,DET,Pistons,29,36,36,34,0,0,0,135,2025-10-29,DET vs. ORL,2025-26,Regular Season
0022500130,1610612737,ATL,Hawks,34,30,30,23,0,0,0,117,2025-10-29,BKN vs. ATL,2025-26,Regular Season
0022500130,1610612751,BKN,Nets,27,24,32,29,0,0,0,112,2025-10-29,BKN vs. ATL,2025-26,Regular Season
0022500131,1610612745,HOU,Rockets,39,31,36,33,0,0,0,139,2025-10-29,HOU @ TOR,2025-26,Regular Season
0022500131,1610612761,TOR,Raptors,30,33,28,30,0,0,0,121,2025-10-29,HOU @ TOR,2025-26,Regular Season
0022500132,1610612741,CHI,Bulls,36,26,39,25,0,0,0,126,2025-10-29,SAC @ CHI,2025-26,Regular Season
0022500132,1610612758,SAC,Kings,33,31,27,22,0,0,0,113,2025-10-29,SAC @ CHI,2025-26,Regular Season
0022500133,1610612742,DAL,Mavericks,25,27,29,26,0,0,0,107,2025-10-29,IND @ DAL,2025-26,Regular Season
0022500133,1610612754,IND,Pacers,30,25,19,31,0,0,0,105,2025-10-29,IND @ DAL,2025-26,Regular Season
0022500134,1610612740,NOP,Pelicans,25,22,11,30,0,0,0,88,2025-10-29,NOP @ DEN,2025-26,Regular Season
0022500134,1610612743,DEN,Nuggets,34,19,39,30,0,0,0,122,2025-10-29,NOP @ DEN,2025-26,Regular Season
0022500135,1610612757,POR,Trail Blazers,33,46,38,19,0,0,0,136,2025-10-29,POR @ UTA,2025-26,Regular Season
0022500135,1610612762,UTA,Jazz,43,30,25,36,0,0,0,134,2025-10-29,POR @ UTA,2025-26,Regular Season
0022500136,1610612747,LAL,Lakers,32,30,35,19,0,0,0,116,2025-10-29,LAL @ MIN,2025-26,Regular Season
0022500136,1610612750,MIN,Timberwolves,34,24,28,29,0,0,0,115,2025-10-29,LAL @ MIN,2025-26,Regular Season
0022500137,1610612756,PHX,Suns,26,27,25,35,0,0,0,113,2025-10-29,MEM @ PHX,2025-26,Regular Season
0022500137,1610612763,MEM,Grizzlies,27,22,32,33,0,0,0,114,2025-10-29,MEM @ PHX,2025-26,Regular Season
0022500138,1610612753,ORL,Magic,38,33,21,31,0,0,0,123,2025-10-30,ORL @ CHA,2025-26,Regular Season
0022500138,1610612766,CHA,Hornets,31,27,27,22,0,0,0,107,2025-10-30,ORL @ CHA,2025-26,Regular Season
0022500139,1610612744,GSW,Warriors,25,33,26,26,0,0,0,110,2025-10-30,MIL vs. GSW,2025-26,Regular Season
0022500139,1610612749,MIL,Bucks,34,26,27,33,0,0,0,120,2025-10-30,MIL vs. GSW,2025-26,Regular Season
0022500140,1610612760,OKC,Thunder,28,31,33,35,0,0,0,127,2025-10-30,WAS @ OKC,2025-26,Regular Season
0022500140,1610612764,WAS,Wizards,20,29,35,24,0,0,0,108,2025-10-30,WAS @ OKC,2025-26,Regular Season
0022500141,1610612748,MIA,Heat,31,27,14,29,0,0,0,101,2025-10-30,MIA @ SAS,2025-26,Regular Season
0022500141,1610612759,SAS,Spurs,33,26,28,20,0,0,0,107,2025-10-30,MIA @ SAS,2025-26,Regular Season
0022500020,1610612737,ATL,Hawks,32,31,34,31,0,0,0,128,2025-10-31,ATL @ IND,2025-26,Regular Season
0022500020,1610612754,IND,Pacers,29,30,17,32,0,0,0,108,2025-10-31,ATL @ IND,2025-26,Regular Season
0022500021,1610612738,BOS,Celtics,38,30,21,20,0,0,0,109,2025-10-31,BOS @ PHI,2025-26,Regular Season
0022500021,1610612755,PHI,76ers,25,32,25,26,0,0,0,108,2025-10-31,BOS @ PHI,2025-26,Regular Season
0022500022,1610612739,CLE,Cavaliers,22,21,34,24,0,0,0,101,2025-10-31,TOR @ CLE,2025-26,Regular Season
0022500022,1610612761,TOR,Raptors,30,18,33,31,0,0,0,112,2025-10-31,TOR @ CLE,2025-26,Regular Season
0022500023,1610612741,CHI,Bulls,35,37,28,35,0,0,0,135,2025-10-31,CHI vs. NYK,2025-26,Regular Season
0022500023,1610612752,NYK,Knicks,27,26,38,34,0,0,0,125,2025-10-31,CHI vs. NYK,2025-26,Regular Season
0022500024,1610612747,LAL,Lakers,31,24,34,28,0,0,0,117,2025-10-31,LAL @ MEM,2025-26,Regular Season
0022500024,1610612763,MEM,Grizzlies,27,42,22,21,0,0,0,112,2025-10-31,LAL @ MEM,2025-26,Regular Season
0022500025,1610612756,PHX,Suns,37,17,29,35,0,0,0,118,2025-10-31,PHX vs. UTA,2025-26,Regular Season
0022500025,1610612762,UTA,Jazz,17,23,27,29,0,0,0,96,2025-10-31,PHX vs. UTA,2025-26,Regular Season
0022500026,1610612743,DEN,Nuggets,26,31,24,26,0,0,0,107,2025-10-31,DEN @ POR,2025-26,Regular Season
0022500026,1610612757,POR,Trail Blazers,18,35,18,38,0,0,0,109,2025-10-31,DEN @ POR,2025-26,Regular Season
0022500027,1610612740,NOP,Pelicans,28,31,25,40,0,0,0,124,2025-10-31,NOP @ LAC,2025-26,Regular Season
0022500027,1610612746,LAC,Clippers,26,41,27,32,0,0,0,126,2025-10-31,NOP @ LAC,2025-26,Regular Season
0022500142,1610612749,MIL,Bucks,47,24,31,31,0,0,0,133,2025-11-01,MIL vs. SAC,2025-26,Regular Season
0022500142,1610612758,SAC,Kings,36,34,38,27,0,0,0,135,2025-11-01,MIL vs. SAC,2025-26,Regular Season
0022500143,1610612750,MIN,Timberwolves,25,25,36,36,0,0,0,122,2025-11-01,MIN @ CHA,2025-26,Regular Season
0022500143,1610612766,CHA,Hornets,31,25,18,31,0,0,0,105,2025-11-01,MIN @ CHA,2025-26,Regular Season
0022500144,1610612744,GSW,Warriors,32,26,30,21,0,0,0,109,2025-11-01,IND vs. GSW,2025-26,Regular Season
0022500144,1610612754,IND,Pacers,28,25,29,32,0,0,0,114,2025-11-01,IND vs. GSW,2025-26,Regular Season
0022500145,1610612753,ORL,Magic,32,43,28,22,0,0,0,125,2025-11-01,ORL @ WAS,2025-26,Regular Season
0022500145,1610612764,WAS,Wizards,35,21,19,19,0,0,0,94,2025-11-01,ORL @ WAS,2025-26,Regular Season
0022500146,1610612738,BOS,Celtics,24,24,24,29,0,0,0,101,2025-11-01,HOU @ BOS,2025-26,Regular Season
0022500146,1610612745,HOU,Rockets,37,29,31,31,0,0,0,128,2025-11-01,HOU @ BOS,2025-26,Regular Season
0022500147,1610612742,DAL,Mavericks,30,31,32,17,0,0,0,110,2025-11-01,DET @ DAL,2025-26,Regular Season
0022500147,1610612765,DET,Pistons,27,32,28,35,0,0,0,122,2025-11-01,DET @ DAL,2025-26,Regular Season
0022500148,1610612740,NOP,Pelicans,22,30,30,24,0,0,0,106,2025-11-02,OKC vs. NOP,2025-26,Regular Season
0022500148,1610612760,OKC,Thunder,39,36,33,29,0,0,0,137,2025-11-02,OKC vs. NOP,2025-26,Regular Season
0022500149,1610612751,BKN,Nets,37,18,23,27,0,0,0,105,2025-11-02,PHI @ BKN,2025-26,Regular Season
0022500149,1610612755,PHI,76ers,40,33,17,39,0,0,0,129,2025-11-02,PHI @ BKN,2025-26,Regular Season
0022500150,1610612762,UTA,Jazz,25,23,38,17,0,0,0,103,2025-11-02,CHA vs. UTA,2025-26,Regular Season
0022500150,1610612766,CHA,Hornets,39,32,33,22,0,0,0,126,2025-11-02,CHA vs. UTA,2025-26,Regular Season
0022500151,1610612737,ATL,Hawks,22,30,24,33,0,0,0,109,2025-11-02,ATL @ CLE,2025-26,Regular Season
0022500151,1610612739,CLE,Cavaliers,31,19,28,39,0,0,0,117,2025-11-02,ATL @ CLE,2025-26,Regular Season
0022500152,1610612761,TOR,Raptors,26,27,31,33,0,0,0,117,2025-11-02,TOR vs. MEM,2025-26,Regular Season
0022500152,1610612763,MEM,Grizzlies,23,24,24,33,0,0,0,104,2025-11-02,TOR vs. MEM,2025-26,Regular Season
0022500153,1610612741,CHI,Bulls,24,36,29,27,0,0,0,116,2025-11-02,CHI @ NYK,2025-26,Regular Season
0022500153,1610612752,NYK,Knicks,34,34,37,23,0,0,0,128,2025-11-02,CHI @ NYK,2025-26,Regular Season
0022500154,1610612756,PHX,Suns,31,39,32,28,0,0,0,130,2025-11-02,PHX vs. SAS,2025-26,Regular Season
0022500154,1610612759,SAS,Spurs,24,28,26,40,0,0,0,118,2025-11-02,PHX vs. SAS,2025-26,Regular Season
0022500155,1610612747,LAL,Lakers,43,34,25,28,0,0,0,130,2025-11-02,MIA @ LAL,2025-26,Regular Season
0022500155,1610612748,MIA,Heat,36,27,35,22,0,0,0,120,2025-11-02,MIA @ LAL,2025-26,Regular Season
0022500156,1610612750,MIN,Timberwolves,28,35,28,34,0,0,0,125,2025-11-03,BKN vs. MIN,2025-26,Regular Season
0022500156,1610612751,BKN,Nets,28,31,29,21,0,0,0,109,2025-11-03,BKN vs. MIN,2025-26,Regular Season
0022500157,1610612749,MIL,Bucks,31,25,28,33,0,0,0,117,2025-11-03,MIL @ IND,2025-26,Regular Season
0022500157,1610612754,IND,Pacers,22,31,24,38,0,0,0,115,2025-11-03,MIL @ IND,2025-26,Regular Season
0022500158,1610612738,BOS,Celtics,25,21,26,31,0,0,0,103,2025-11-03,UTA @ BOS,2025-26,Regular Season
0022500158,1610612762,UTA,Jazz,21,15,38,31,0,0,0,105,2025-11-03,UTA @ BOS,2025-26,Regular Season
0022500159,1610612752,NYK,Knicks,22,35,41,21,0,0,0,119,2025-11-03,NYK vs. WAS,2025-26,Regular Season
0022500159,1610612764,WAS,Wizards,30,24,24,24,0,0,0,102,2025-11-03,NYK vs. WAS,2025-26,Regular Season
0022500160,1610612742,DAL,Mavericks,28,27,23,24,0,0,0,102,2025-11-03,DAL @ HOU,2025-26,Regular Season
0022500160,1610612745,HOU,Rockets,24,34,23,29,0,0,0,110,2025-11-03,DAL @ HOU,2025-26,Regular Season
0022500161,1610612763,MEM,Grizzlies,25,23,26,32,0,0,0,106,2025-11-03,DET @ MEM,2025-26,Regular Season
0022500161,1610612765,DET,Pistons,32,26,25,31,0,0,0,114,2025-11-03,DET @ MEM,2025-26,Regular Season
0022500162,1610612743,DEN,Nuggets,39,33,32,26,0,0,0,130,2025-11-03,SAC @ DEN,2025-26,Regular Season
0022500162,1610612758,SAC,Kings,30,33,30,31,0,0,0,124,2025-11-03,SAC @ DEN,2025-26,Regular Season
0022500163,1610612747,LAL,Lakers,24,28,38,33,0,0,0,123,2025-11-03,LAL @ POR,2025-26,Regular Season
0022500163,1610612757,POR,Trail Blazers,33,20,33,29,0,0,0,115,2025-11-03,LAL @ POR,2025-26,Regular Season
0022500164,1610612746,LAC,Clippers,30,41,24,24,0,0,0,119,2025-11-03,MIA @ LAC,2025-26,Regular Season
0022500164,1610612748,MIA,Heat,32,34,37,17,0,0,0,120,2025-11-03,MIA @ LAC,2025-26,Regular Season
0022500165,1610612749,MIL,Bucks,29,25,26,20,0,0,0,100,2025-11-04,TOR vs. MIL,2025-26,Regular Season
0022500165,1610612761,TOR,Raptors,39,34,32,23,0,0,0,128,2025-11-04,TOR vs. MIL,2025-26,Regular Season
0022500166,1610612737,ATL,Hawks,32,32,34,29,0,0,0,127,2025-11-04,ORL @ ATL,2025-26,Regular Season
0022500166,1610612753,ORL,Magic,23,24,30,35,0,0,0,112,2025-11-04,ORL @ ATL,2025-26,Regular Season
0022500167,1610612741,CHI,Bulls,27,29,28,29,0,0,0,113,2025-11-04,PHI @ CHI,2025-26,Regular Season
0022500167,1610612755,PHI,76ers,45,30,20,16,0,0,0,111,2025-11-04,PHI @ CHI,2025-26,Regular Season
0022500168,1610612740,NOP,Pelicans,33,28,26,29,0,0,0,116,2025-11-04,CHA @ NOP,2025-26,Regular Season
0022500168,1610612766,CHA,Hornets,30,29,34,19,0,0,0,112,2025-11-04,CHA @ NOP,2025-26,Regular Season
0022500169,1610612744,GSW,Warriors,33,35,24,26,0,0,0,118,2025-11-04,PHX @ GSW,2025-26,Regular Season
0022500169,1610612756,PHX,Suns,19,30,34,24,0,0,0,107,2025-11-04,PHX @ GSW,2025-26,Regular Season
0022500170,1610612746,LAC,Clippers,33,24,29,21,0,0,0,107,2025-11-04,LAC vs. OKC,2025-26,Regular Season
0022500170,1610612760,OKC,Thunder,23,33,38,32,0,0,0,126,2025-11-04,LAC vs. OKC,2025-26,Regular Season
0022500171,1610612739,CLE,Cavaliers,41,29,37,25,0,0,0,132,2025-11-05,CLE vs. PHI,2025-26,Regular Season
0022500171,1610612755,PHI,76ers,27,40,20,34,0,0,0,121,2025-11-05,CLE vs. PHI,2025-26,Regular Season
0022500172,1610612762,UTA,Jazz,30,25,14,34,0,0,0,103,2025-11-05,UTA @ DET,2025-26,Regular Season
0022500172,1610612765,DET,Pistons,28,25,25,36,0,0,0,114,2025-11-05,UTA @ DET,2025-26,Regular Season
0022500173,1610612751,BKN,Nets,25,29,26,32,0,0,0,112,2025-11-05,BKN @ IND,2025-26,Regular Season
0022500173,1610612754,IND,Pacers,18,41,24,20,0,0,0,103,2025-11-05,BKN @ IND,2025-26,Regular Season
0022500174,1610612738,BOS,Celtics,26,44,32,34,0,0,0,136,2025-11-05,BOS vs. WAS,2025-26,Regular Season
0022500174,1610612764,WAS,Wizards,37,23,20,27,0,0,0,107,2025-11-05,BOS vs. WAS,2025-26,Regular Season
0022500175,1610612750,MIN,Timberwolves,26,32,28,28,0,0,0,114,2025-11-05,MIN @ NYK,2025-26,Regular Season
0022500175,1610612752,NYK,Knicks,28,26,40,43,0,0,0,137,2025-11-05,MIN @ NYK,2025-26,Regular Season
0022500176,1610612745,HOU,Rockets,34,26,34,30,0,0,0,124,2025-11-05,MEM vs. HOU,2025-26,Regular Season
0022500176,1610612763,MEM,Grizzlies,22,29,29,29,0,0,0,109,2025-11-05,MEM vs. HOU,2025-26,Regular Season
0022500177,1610612740,NOP,Pelicans,29,23,26,23,0,0,0,101,2025-11-05,DAL vs. NOP,2025-26,Regular Season
0022500177,1610612742,DAL,Mavericks,19,30,28,22,0,0,0,99,2025-11-05,DAL vs. NOP,2025-26,Regular Season
0022500178,1610612743,DEN,Nuggets,36,32,33,21,0,0,0,122,2025-11-05,MIA @ DEN,2025-26,Regular Season
0022500178,1610612748,MIA,Heat,33,27,26,26,0,0,0,112,2025-11-05,MIA @ DEN,2025-26,Regular Season
0022500179,1610612747,LAL,Lakers,26,34,28,30,0,0,0,118,2025-11-05,LAL vs. SAS,2025-26,Regular Season
0022500179,1610612759,SAS,Spurs,29,30,37,20,0,0,0,116,2025-11-05,LAL vs. SAS,2025-26,Regular Season
0022500180,1610612757,POR,Trail Blazers,21,36,24,40,0,0,0,121,2025-11-05,OKC @ POR,2025-26,Regular Season
0022500180,1610612760,OKC,Thunder,41,24,21,33,0,0,0,119,2025-11-05,OKC @ POR,2025-26,Regular Season
0022500181,1610612744,GSW,Warriors,32,30,23,31,0,0,0,116,2025-11-05,SAC vs. GSW,2025-26,Regular Season
0022500181,1610612758,SAC,Kings,25,32,35,29,0,0,0,121,2025-11-05,SAC vs. GSW,2025-26,Regular Season
0022500182,1610612746,LAC,Clippers,27,24,23,28,0,0,0,102,2025-11-06,LAC @ PHX,2025-26,Regular Season
0022500182,1610612756,PHX,Suns,31,17,40,27,0,0,0,115,2025-11-06,LAC @ PHX,2025-26,Regular Season
0022500028,1610612738,BOS,Celtics,25,26,29,30,0,0,0,110,2025-11-07,ORL vs. BOS,2025-26,Regular Season
0022500028,1610612753,ORL,Magic,38,21,25,39,0,0,0,123,2025-11-07,ORL vs. BOS,2025-26,Regular Season
0022500029,1610612739,CLE,Cavaliers,39,37,33,39,0,0,0,148,2025-11-07,WAS vs. CLE,2025-26,Regular Season
0022500029,1610612764,WAS,Wizards,26,34,27,28,0,0,0,115,2025-11-07,WAS vs. CLE,2025-26,Regular Season
0022500030,1610612737,ATL,Hawks,26,27,24,20,0,0,0,97,2025-11-07,TOR @ ATL,2025-26,Regular Season
0022500030,1610612761,TOR,Raptors,26,18,29,36,0,0,0,109,2025-11-07,TOR @ ATL,2025-26,Regular Season
0022500031,1610612751,BKN,Nets,29,26,19,33,0,0,0,107,2025-11-07,DET @ BKN,2025-26,Regular Season
0022500031,1610612765,DET,Pistons,27,33,34,31,0,0,0,125,2025-11-07,DET @ BKN,2025-26,Regular Season
0022500032,1610612745,HOU,Rockets,25,25,32,28,0,0,0,110,2025-11-07,SAS vs. HOU,2025-26,Regular Season
0022500032,1610612759,SAS,Spurs,23,28,35,35,0,0,0,121,2025-11-07,SAS vs. HOU,2025-26,Regular Season
0022500033,1610612748,MIA,Heat,53,19,22,32,0,0,0,126,2025-11-07,MIA vs. CHA,2025-26,Regular Season
0022500033,1610612766,CHA,Hornets,33,36,19,20,0,0,0,108,2025-11-07,MIA vs. CHA,2025-26,Regular Season
0022500034,1610612742,DAL,Mavericks,24,27,29,24,0,0,0,104,2025-11-07,DAL @ MEM,2025-26,Regular Season
0022500034,1610612763,MEM,Grizzlies,34,40,28,16,0,0,0,118,2025-11-07,DAL @ MEM,2025-26,Regular Season
0022500035,1610612741,CHI,Bulls,25,27,28,30,0,0,0,110,2025-11-07,CHI @ MIL,2025-26,Regular Season
0022500035,1610612749,MIL,Bucks,23,30,32,41,0,0,0,126,2025-11-07,CHI @ MIL,2025-26,Regular Season
0022500036,1610612750,MIN,Timberwolves,43,36,25,33,0,0,0,137,2025-11-07,UTA @ MIN,2025-26,Regular Season
0022500036,1610612762,UTA,Jazz,15,30,22,30,0,0,0,97,2025-11-07,UTA @ MIN,2025-26,Regular Season
0022500037,1610612743,DEN,Nuggets,32,34,33,30,0,0,0,129,2025-11-07,DEN vs. GSW,2025-26,Regular Season
0022500037,1610612744,GSW,Warriors,21,28,28,27,0,0,0,104,2025-11-07,DEN vs. GSW,2025-26,Regular Season
0022500038,1610612758,SAC,Kings,32,24,27,18,0,0,0,101,2025-11-07,SAC vs. OKC,2025-26,Regular Season
0022500038,1610612760,OKC,Thunder,30,40,28,34,0,0,0,132,2025-11-07,SAC vs. OKC,2025-26,Regular Season
0022500183,1610612742,DAL,Mavericks,35,22,25,29,0,0,0,111,2025-11-08,WAS vs. DAL,2025-26,Regular Season
0022500183,1610612764,WAS,Wizards,24,29,33,19,0,0,0,105,2025-11-08,WAS vs. DAL,2025-26,Regular Season
0022500184,1610612755,PHI,76ers,33,35,33,29,0,0,0,130,2025-11-08,TOR @ PHI,2025-26,Regular Season
0022500184,1610612761,TOR,Raptors,43,20,34,23,0,0,0,120,2025-11-08,TOR @ PHI,2025-26,Regular Season
0022500185,1610612737,ATL,Hawks,37,31,30,24,0,0,0,122,2025-11-08,LAL @ ATL,2025-26,Regular Season
0022500185,1610612747,LAL,Lakers,29,25,18,30,0,0,0,102,2025-11-08,LAL @ ATL,2025-26,Regular Season
0022500186,1610612739,CLE,Cavaliers,32,24,40,32,0,0,0,128,2025-11-08,CLE vs. CHI,2025-26,Regular Season
0022500186,1610612741,CHI,Bulls,29,43,26,24,0,0,0,122,2025-11-08,CLE vs. CHI,2025-26,Regular Season
0022500187,1610612748,MIA,Heat,27,45,28,36,0,0,0,136,2025-11-08,POR @ MIA,2025-26,Regular Season
0022500187,1610612757,POR,Trail Blazers,30,35,32,34,0,0,0,131,2025-11-08,POR @ MIA,2025-26,Regular Season
0022500188,1610612740,NOP,Pelicans,22,36,27,34,0,0,0,119,2025-11-08,NOP @ SAS,2025-26,Regular Season
0022500188,1610612759,SAS,Spurs,28,38,26,34,0,0,0,126,2025-11-08,NOP @ SAS,2025-26,Regular Season
0022500189,1610612743,DEN,Nuggets,31,25,39,22,0,0,0,117,2025-11-08,DEN vs. IND,2025-26,Regular Season
0022500189,1610612754,IND,Pacers,18,29,35,18,0,0,0,100,2025-11-08,DEN vs. IND,2025-26,Regular Season
0022500190,1610612746,LAC,Clippers,29,17,34,23,0,0,0,103,2025-11-08,LAC vs. PHX,2025-26,Regular Season
0022500190,1610612756,PHX,Suns,35,25,25,29,0,0,0,114,2025-11-08,LAC vs. PHX,2025-26,Regular Season
0022500191,1610612745,HOU,Rockets,28,22,32,40,0,0,0,122,2025-11-09,HOU @ MIL,2025-26,Regular Season
0022500191,1610612749,MIL,Bucks,30,31,24,30,0,0,0,115,2025-11-09,HOU @ MIL,2025-26,Regular Season
0022500192,1610612751,BKN,Nets,22,40,17,19,0,0,0,98,2025-11-09,BKN @ NYK,2025-26,Regular Season
0022500192,1610612752,NYK,Knicks,40,37,35,22,0,0,0,134,2025-11-09,BKN @ NYK,2025-26,Regular Season
0022500193,1610612738,BOS,Celtics,30,24,24,33,0,0,0,111,2025-11-09,ORL vs. BOS,2025-26,Regular Season
0022500193,1610612753,ORL,Magic,33,21,26,27,0,0,0,107,2025-11-09,ORL vs. BOS,2025-26,Regular Season
0022500194,1610612760,OKC,Thunder,25,26,34,29,0,0,0,114,2025-11-09,MEM vs. OKC,2025-26,Regular Season
0022500194,1610612763,MEM,Grizzlies,33,29,18,20,0,0,0,100,2025-11-09,MEM vs. OKC,2025-26,Regular Season
0022500195,1610612755,PHI,76ers,32,32,21,23,0,0,0,108,2025-11-09,PHI vs. DET,2025-26,Regular Season
0022500195,1610612765,DET,Pistons,37,17,34,23,0,0,0,111,2025-11-09,PHI vs. DET,2025-26,Regular Season
0022500196,1610612744,GSW,Warriors,23,25,27,39,0,0,0,114,2025-11-09,IND @ GSW,2025-26,Regular Season
0022500196,1610612754,IND,Pacers,21,20,24,18,0,0,0,83,2025-11-09,IND @ GSW,2025-26,Regular Season
0022500197,1610612750,MIN,Timberwolves,31,40,40,33,0,0,0,144,2025-11-09,SAC vs. MIN,2025-26,Regular Season
0022500197,1610612758,SAC,Kings,25,29,30,33,0,0,0,117,2025-11-09,SAC vs. MIN,2025-26,Regular Season
0022500198,1610612747,LAL,Lakers,36,29,31,25,0,0,0,121,2025-11-10,CHA vs. LAL,2025-26,Regular Season
0022500198,1610612766,CHA,Hornets,40,23,15,33,0,0,0,111,2025-11-10,CHA vs. LAL,2025-26,Regular Season
0022500199,1610612764,WAS,Wizards,37,24,35,31,8,1,1,135,2025-11-10,DET vs. WAS,2025-26,Regular Season
0022500199,1610612765,DET,Pistons,36,31,20,40,10,1,1,137,2025-11-10,DET vs. WAS,2025-26,Regular Season
0022500200,1610612753,ORL,Magic,26,33,28,28,0,0,0,115,2025-11-10,POR @ ORL,2025-26,Regular Season
0022500200,1610612757,POR,Trail Blazers,24,32,20,36,0,0,0,112,2025-11-10,POR @ ORL,2025-26,Regular Season
0022500201,1610612739,CLE,Cavaliers,30,23,39,36,10,1,1,138,2025-11-10,CLE @ MIA,2025-26,Regular Season
0022500201,1610612748,MIA,Heat,25,37,39,27,12,1,1,140,2025-11-10,CLE @ MIA,2025-26,Regular Season
0022500202,1610612741,CHI,Bulls,26,38,34,19,0,0,0,117,2025-11-10,CHI vs. SAS,2025-26,Regular Season
0022500202,1610612759,SAS,Spurs,34,29,26,32,0,0,0,121,2025-11-10,CHI vs. SAS,2025-26,Regular Season
0022500203,1610612742,DAL,Mavericks,31,26,31,26,0,0,0,114,2025-11-10,DAL vs. MIL,2025-26,Regular Season
0022500203,1610612749,MIL,Bucks,27,26,26,37,0,0,0,116,2025-11-10,DAL vs. MIL,2025-26,Regular Season
0022500204,1610612740,NOP,Pelicans,22,19,31,26,0,0,0,98,2025-11-10,NOP @ PHX,2025-26,Regular Season
0022500204,1610612756,PHX,Suns,29,35,32,25,0,0,0,121,2025-11-10,NOP @ PHX,2025-26,Regular Season
0022500205,1610612750,MIN,Timberwolves,26,27,40,27,0,0,0,120,2025-11-10,UTA vs. MIN,2025-26,Regular Season
0022500205,1610612762,UTA,Jazz,30,25,25,33,0,0,0,113,2025-11-10,UTA vs. MIN,2025-26,Regular Season
0022500206,1610612737,ATL,Hawks,19,33,27,26,0,0,0,105,2025-11-10,ATL @ LAC,2025-26,Regular Season
0022500206,1610612746,LAC,Clippers,29,23,24,26,0,0,0,102,2025-11-10,ATL @ LAC,2025-26,Regular Season
0022500207,1610612751,BKN,Nets,30,22,29,28,0,0,0,109,2025-11-11,TOR @ BKN,2025-26,Regular Season
0022500207,1610612761,TOR,Raptors,28,32,29,30,0,0,0,119,2025-11-11,TOR @ BKN,2025-26,Regular Season
0022500208,1610612752,NYK,Knicks,42,35,37,19,0,0,0,133,2025-11-11,NYK vs. MEM,2025-26,Regular Season
0022500208,1610612763,MEM,Grizzlies,30,24,39,27,0,0,0,120,2025-11-11,NYK vs. MEM,2025-26,Regular Season
0022500209,1610612738,BOS,Celtics,22,19,36,23,0,0,0,100,2025-11-11,BOS @ PHI,2025-26,Regular Season
0022500209,1610612755,PHI,76ers,23,28,20,31,0,0,0,102,2025-11-11,BOS @ PHI,2025-26,Regular Season
0022500210,1610612744,GSW,Warriors,25,19,28,30,0,0,0,102,2025-11-11,OKC vs. GSW,2025-26,Regular Season
0022500210,1610612760,OKC,Thunder,34,29,44,19,0,0,0,126,2025-11-11,OKC vs. GSW,2025-26,Regular Season
0022500211,1610612754,IND,Pacers,34,23,34,37,0,0,0,128,2025-11-11,UTA vs. IND,2025-26,Regular Season
0022500211,1610612762,UTA,Jazz,38,32,44,38,0,0,0,152,2025-11-11,UTA vs. IND,2025-26,Regular Season
0022500212,1610612743,DEN,Nuggets,33,27,25,37,0,0,0,122,2025-11-11,SAC vs. DEN,2025-26,Regular Season
0022500212,1610612758,SAC,Kings,34,22,26,26,0,0,0,108,2025-11-11,SAC vs. DEN,2025-26,Regular Season
0022500213,1610612749,MIL,Bucks,27,23,22,28,0,0,0,100,2025-11-12,MIL @ CHA,2025-26,Regular Season
0022500213,1610612766,CHA,Hornets,35,24,24,28,0,0,0,111,2025-11-12,MIL @ CHA,2025-26,Regular Season
0022500214,1610612741,CHI,Bulls,23,29,27,34,0,0,0,113,2025-11-12,DET vs. CHI,2025-26,Regular Season
0022500214,1610612765,DET,Pistons,35,33,27,29,0,0,0,124,2025-11-12,DET vs. CHI,2025-26,Regular Season
0022500215,1610612752,NYK,Knicks,23,19,31,34,0,0,0,107,2025-11-12,NYK vs. ORL,2025-26,Regular Season
0022500215,1610612753,ORL,Magic,30,32,29,33,0,0,0,124,2025-11-12,NYK vs. ORL,2025-26,Regular Season
0022500216,1610612738,BOS,Celtics,34,33,33,31,0,0,0,131,2025-11-12,MEM @ BOS,2025-26,Regular Season
0022500216,1610612763,MEM,Grizzlies,26,20,28,21,0,0,0,95,2025-11-12,MEM @ BOS,2025-26,Regular Season
0022500217,1610612739,CLE,Cavaliers,29,37,27,37,0,0,0,130,2025-11-12,CLE @ MIA,2025-26,Regular Season
0022500217,1610612748,MIA,Heat,38,31,28,19,0,0,0,116,2025-11-12,CLE @ MIA,2025-26,Regular Season
0022500218,1610612745,HOU,Rockets,40,41,22,32,0,0,0,135,2025-11-12,WAS @ HOU,2025-26,Regular Season
0022500218,1610612764,WAS,Wizards,29,25,33,25,0,0,0,112,2025-11-12,WAS @ HOU,2025-26,Regular Season
0022500219,1610612740,NOP,Pelicans,25,34,26,32,0,0,0,117,2025-11-12,NOP vs. POR,2025-26,Regular Season
0022500219,1610612757,POR,Trail Blazers,30,27,38,30,0,0,0,125,2025-11-12,NOP vs. POR,2025-26,Regular Season
0022500220,1610612744,GSW,Warriors,14,35,43,33,0,0,0,125,2025-11-12,GSW @ SAS,2025-26,Regular Season
0022500220,1610612759,SAS,Spurs,28,28,28,36,0,0,0,120,2025-11-12,GSW @ SAS,2025-26,Regular Season
0022500221,1610612742,DAL,Mavericks,28,25,28,33,0,0,0,114,2025-11-12,PHX @ DAL,2025-26,Regular Season
0022500221,1610612756,PHX,Suns,30,33,32,28,0,0,0,123,2025-11-12,PHX @ DAL,2025-26,Regular Season
0022500222,1610612747,LAL,Lakers,18,20,26,28,0,0,0,92,2025-11-12,OKC vs. LAL,2025-26,Regular Season
0022500222,1610612760,OKC,Thunder,30,40,30,21,0,0,0,121,2025-11-12,OKC vs. LAL,2025-26,Regular Season
0022500223,1610612737,ATL,Hawks,37,29,39,28,0,0,0,133,2025-11-12,SAC vs. ATL,2025-26,Regular Season
0022500223,1610612758,SAC,Kings,34,12,22,32,0,0,0,100,2025-11-12,SAC vs. ATL,2025-26,Regular Season
0022500224,1610612743,DEN,Nuggets,39,24,43,24,0,0,0,130,2025-11-12,DEN @ LAC,2025-26,Regular Season
0022500224,1610612746,LAC,Clippers,35,33,22,26,0,0,0,116,2025-11-12,DEN @ LAC,2025-26,Regular Season
0022500225,1610612739,CLE,Cavaliers,30,24,31,28,0,0,0,113,2025-11-13,CLE vs. TOR,2025-26,Regular Season
0022500225,1610612761,TOR,Raptors,29,38,23,36,0,0,0,126,2025-11-13,CLE vs. TOR,2025-26,Regular Season
0022500226,1610612754,IND,Pacers,23,29,32,14,0,0,0,98,2025-11-13,PHX vs. IND,2025-26,Regular Season
0022500226,1610612756,PHX,Suns,31,39,36,27,0,0,0,133,2025-11-13,PHX vs. IND,2025-26,Regular Season
0022500227,1610612737,ATL,Hawks,42,38,23,29,0,0,0,132,2025-11-13,UTA vs. ATL,2025-26,Regular Season
0022500227,1610612762,UTA,Jazz,33,34,36,19,0,0,0,122,2025-11-13,UTA vs. ATL,2025-26,Regular Season
0022500039,1610612748,MIA,Heat,35,33,36,28,0,0,0,132,2025-11-14,NYK vs. MIA,2025-26,Regular Season
0022500039,1610612752,NYK,Knicks,32,46,32,30,0,0,0,140,2025-11-14,NYK vs. MIA,2025-26,Regular Season
0022500040,1610612751,BKN,Nets,36,22,24,16,0,0,0,98,2025-11-14,ORL vs. BKN,2025-26,Regular Season
0022500040,1610612753,ORL,Magic,27,27,25,26,0,0,0,105,2025-11-14,ORL vs. BKN,2025-26,Regular Season
0022500041,1610612755,PHI,76ers,27,27,36,15,0,0,0,105,2025-11-14,PHI @ DET,2025-26,Regular Season
0022500041,1610612765,DET,Pistons,28,35,25,26,0,0,0,114,2025-11-14,PHI @ DET,2025-26,Regular Season
0022500042,1610612745,HOU,Rockets,41,28,36,35,0,0,0,140,2025-11-14,POR @ HOU,2025-26,Regular Season
0022500042,1610612757,POR,Trail Blazers,32,28,31,25,0,0,0,116,2025-11-14,POR @ HOU,2025-26,Regular Season
0022500043,1610612749,MIL,Bucks,34,27,42,26,18,1,1,147,2025-11-14,CHA @ MIL,2025-26,Regular Season
0022500043,1610612766,CHA,Hornets,33,36,29,31,5,1,1,134,2025-11-14,CHA @ MIL,2025-26,Regular Season
0022500044,1610612750,MIN,Timberwolves,35,26,31,32,0,0,0,124,2025-11-14,MIN vs. SAC,2025-26,Regular Season
0022500044,1610612758,SAC,Kings,30,31,30,19,0,0,0,110,2025-11-14,MIN vs. SAC,2025-26,Regular Season
0022500045,1610612740,NOP,Pelicans,25,27,25,27,0,0,0,104,2025-11-14,NOP vs. LAL,2025-26,Regular Season
0022500045,1610612747,LAL,Lakers,35,30,30,23,0,0,0,118,2025-11-14,NOP vs. LAL,2025-26,Regular Season
0022500046,1610612742,DAL,Mavericks,31,24,31,28,13,1,2,127,2025-11-14,LAC @ DAL,2025-26,Regular Season
0022500046,1610612746,LAC,Clippers,34,28,31,21,19,1,2,133,2025-11-14,LAC @ DAL,2025-26,Regular Season
0022500047,1610612744,GSW,Warriors,18,29,30,32,0,0,0,109,2025-11-14,GSW @ SAS,2025-26,Regular Season
0022500047,1610612759,SAS,Spurs,20,25,34,29,0,0,0,108,2025-11-14,GSW @ SAS,2025-26,Regular Season
0022500228,1610612739,CLE,Cavaliers,28,26,22,32,0,0,0,108,2025-11-15,CLE vs. MEM,2025-26,Regular Season
0022500228,1610612763,MEM,Grizzlies,32,29,23,16,0,0,0,100,2025-11-15,CLE vs. MEM,2025-26,Regular Season
0022500229,1610612760,OKC,Thunder,30,25,32,22,0,0,0,109,2025-11-15,OKC @ CHA,2025-26,Regular Season
0022500229,1610612766,CHA,Hornets,30,22,18,26,0,0,0,96,2025-11-15,OKC @ CHA,2025-26,Regular Season
0022500230,1610612754,IND,Pacers,29,24,32,26,0,0,0,111,2025-11-15,IND vs. TOR,2025-26,Regular Season
0022500230,1610612761,TOR,Raptors,32,30,39,28,0,0,0,129,2025-11-15,IND vs. TOR,2025-26,Regular Season
0022500231,1610612747,LAL,Lakers,30,35,27,27,0,0,0,119,2025-11-15,LAL @ MIL,2025-26,Regular Season
0022500231,1610612749,MIL,Bucks,18,16,38,23,0,0,0,95,2025-11-15,LAL @ MIL,2025-26,Regular Season
0022500232,1610612743,DEN,Nuggets,29,26,32,36,0,0,0,123,2025-11-15,MIN vs. DEN,2025-26,Regular Season
0022500232,1610612750,MIN,Timberwolves,31,29,26,26,0,0,0,112,2025-11-15,MIN vs. DEN,2025-26,Regular Season
0022500233,1610612738,BOS,Celtics,37,26,27,31,0,0,0,121,2025-11-16,LAC @ BOS,2025-26,Regular Season
0022500233,1610612746,LAC,Clippers,30,19,36,33,0,0,0,118,2025-11-16,LAC @ BOS,2025-26,Regular Season
0022500234,1610612758,SAC,Kings,24,35,26,25,0,0,0,110,2025-11-16,SAS vs. SAC,2025-26,Regular Season
0022500234,1610612759,SAS,Spurs,36,31,28,28,0,0,0,123,2025-11-16,SAS vs. SAC,2025-26,Regular Season
0022500235,1610612751,BKN,Nets,28,35,31,35,0,0,0,129,2025-11-16,WAS vs. BKN,2025-26,Regular Season
0022500235,1610612764,WAS,Wizards,28,25,31,22,0,0,0,106,2025-11-16,WAS vs. BKN,2025-26,Regular Season
0022500236,1610612745,HOU,Rockets,23,23,31,25,15,1,1,117,2025-11-16,ORL @ HOU,2025-26,Regular Season
0022500236,1610612753,ORL,Magic,30,25,25,22,11,1,1,113,2025-11-16,ORL @ HOU,2025-26,Regular Season
0022500237,1610612740,NOP,Pelicans,28,21,22,35,0,0,0,106,2025-11-16,GSW @ NOP,2025-26,Regular Season
0022500237,1610612744,GSW,Warriors,44,17,24,39,0,0,0,124,2025-11-16,GSW @ NOP,2025-26,Regular Season
0022500238,1610612742,DAL,Mavericks,29,28,28,33,20,1,1,138,2025-11-16,POR @ DAL,2025-26,Regular Season
0022500238,1610612757,POR,Trail Blazers,37,24,30,27,15,1,1,133,2025-11-16,POR @ DAL,2025-26,Regular Season
0022500239,1610612737,ATL,Hawks,25,32,20,47,0,0,0,124,2025-11-16,PHX vs. ATL,2025-26,Regular Season
0022500239,1610612756,PHX,Suns,21,37,37,27,0,0,0,122,2025-11-16,PHX vs. ATL,2025-26,Regular Season
0022500240,1610612741,CHI,Bulls,33,37,28,29,20,1,2,147,2025-11-16,CHI @ UTA,2025-26,Regular Season
0022500240,1610612762,UTA,Jazz,33,28,33,33,23,1,2,150,2025-11-16,CHI @ UTA,2025-26,Regular Season
0022500241,1610612739,CLE,Cavaliers,26,33,33,26,0,0,0,118,2025-11-17,MIL @ CLE,2025-26,Regular Season
0022500241,1610612749,MIL,Bucks,33,24,31,18,0,0,0,106,2025-11-17,MIL @ CLE,2025-26,Regular Season
0022500242,1610612754,IND,Pacers,21,25,29,37,0,0,0,112,2025-11-17,DET vs. IND,2025-26,Regular Season
0022500242,1610612765,DET,Pistons,26,36,31,34,0,0,0,127,2025-11-17,DET vs. IND,2025-26,Regular Season
0022500243,1610612746,LAC,Clippers,33,23,27,25,0,0,0,108,2025-11-17,PHI vs. LAC,2025-26,Regular Season
0022500243,1610612755,PHI,76ers,25,21,27,37,0,0,0,110,2025-11-17,PHI vs. LAC,2025-26,Regular Season
0022500244,1610612748,MIA,Heat,25,30,28,32,0,0,0,115,2025-11-17,NYK @ MIA,2025-26,Regular Season
0022500244,1610612752,NYK,Knicks,20,31,31,31,0,0,0,113,2025-11-17,NYK @ MIA,2025-26,Regular Season
0022500245,1610612761,TOR,Raptors,28,29,28,25,0,0,0,110,2025-11-17,TOR vs. CHA,2025-26,Regular Season
0022500245,1610612766,CHA,Hornets,24,28,31,25,0,0,0,108,2025-11-17,TOR vs. CHA,2025-26,Regular Season
0022500246,1610612742,DAL,Mavericks,21,23,22,30,0,0,0,96,2025-11-17,MIN vs. DAL,2025-26,Regular Season
0022500246,1610612750,MIN,Timberwolves,34,27,37,22,0,0,0,120,2025-11-17,MIN vs. DAL,2025-26,Regular Season
0022500247,1610612740,NOP,Pelicans,24,32,24,29,0,0,0,109,2025-11-17,NOP vs. OKC,2025-26,Regular Season
0022500247,1610612760,OKC,Thunder,49,20,36,21,0,0,0,126,2025-11-17,NOP vs. OKC,2025-26,Regular Season
0022500248,1610612741,CHI,Bulls,30,33,40,27,0,0,0,130,2025-11-17,CHI @ DEN,2025-26,Regular Season
0022500248,1610612743,DEN,Nuggets,28,36,29,34,0,0,0,127,2025-11-17,CHI @ DEN,2025-26,Regular Season
0022500249,1610612744,GSW,Warriors,32,28,25,28,0,0,0,113,2025-11-18,GSW @ ORL,2025-26,Regular Season
0022500249,1610612753,ORL,Magic,36,31,26,28,0,0,0,121,2025-11-18,GSW @ ORL,2025-26,Regular Season
0022500250,1610612738,BOS,Celtics,29,33,27,24,0,0,0,113,2025-11-18,BKN vs. BOS,2025-26,Regular Season
0022500250,1610612751,BKN,Nets,29,32,24,14,0,0,0,99,2025-11-18,BKN vs. BOS,2025-26,Regular Season
0022500251,1610612737,ATL,Hawks,30,24,28,30,0,0,0,112,2025-11-18,DET @ ATL,2025-26,Regular Season
0022500251,1610612765,DET,Pistons,35,32,27,26,0,0,0,120,2025-11-18,DET @ ATL,2025-26,Regular Season
0022500252,1610612759,SAS,Spurs,23,26,37,25,0,0,0,111,2025-11-18,MEM @ SAS,2025-26,Regular Season
0022500252,1610612763,MEM,Grizzlies,24,23,40,14,0,0,0,101,2025-11-18,MEM @ SAS,2025-26,Regular Season
0022500253,1610612747,LAL,Lakers,27,40,37,36,0,0,0,140,2025-11-18,UTA @ LAL,2025-26,Regular Season
0022500253,1610612762,UTA,Jazz,36,35,22,33,0,0,0,126,2025-11-18,UTA @ LAL,2025-26,Regular Season
0022500254,1610612756,PHX,Suns,35,29,36,27,0,0,0,127,2025-11-18,PHX @ POR,2025-26,Regular Season
0022500254,1610612757,POR,Trail Blazers,32,29,21,28,0,0,0,110,2025-11-18,PHX @ POR,2025-26,Regular Season
0022500255,1610612739,CLE,Cavaliers,19,21,30,34,0,0,0,104,2025-11-19,HOU @ CLE,2025-26,Regular Season
0022500255,1610612745,HOU,Rockets,33,24,17,40,0,0,0,114,2025-11-19,HOU @ CLE,2025-26,Regular Season
0022500256,1610612754,IND,Pacers,38,32,34,23,0,0,0,127,2025-11-19,IND vs. CHA,2025-26,Regular Season
0022500256,1610612766,CHA,Hornets,33,21,30,34,0,0,0,118,2025-11-19,IND vs. CHA,2025-26,Regular Season
0022500257,1610612744,GSW,Warriors,20,25,29,22,0,0,0,96,2025-11-19,GSW @ MIA,2025-26,Regular Season
0022500257,1610612748,MIA,Heat,29,20,23,38,0,0,0,110,2025-11-19,GSW @ MIA,2025-26,Regular Season
0022500258,1610612755,PHI,76ers,28,28,26,30,0,0,0,112,2025-11-19,TOR @ PHI,2025-26,Regular Season
0022500258,1610612761,TOR,Raptors,33,20,44,24,0,0,0,121,2025-11-19,TOR @ PHI,2025-26,Regular Season
0022500259,1610612750,MIN,Timberwolves,34,37,23,26,0,0,0,120,2025-11-19,WAS @ MIN,2025-26,Regular Season
0022500259,1610612764,WAS,Wizards,29,17,36,27,0,0,0,109,2025-11-19,WAS @ MIN,2025-26,Regular Season
0022500260,1610612740,NOP,Pelicans,30,28,25,35,0,0,0,118,2025-11-19,NOP vs. DEN,2025-26,Regular Season
0022500260,1610612743,DEN,Nuggets,26,36,35,28,0,0,0,125,2025-11-19,NOP vs. DEN,2025-26,Regular Season
0022500261,1610612758,SAC,Kings,25,25,19,30,0,0,0,99,2025-11-19,OKC vs. SAC,2025-26,Regular Season
0022500261,1610612760,OKC,Thunder,27,31,25,30,0,0,0,113,2025-11-19,OKC vs. SAC,2025-26,Regular Season
0022500262,1610612742,DAL,Mavericks,25,25,35,26,0,0,0,111,2025-11-19,NYK @ DAL,2025-26,Regular Season
0022500262,1610612752,NYK,Knicks,24,28,35,26,0,0,0,113,2025-11-19,NYK @ DAL,2025-26,Regular Season
0022500263,1610612741,CHI,Bulls,28,34,36,24,0,0,0,122,2025-11-19,CHI @ POR,2025-26,Regular Season
0022500263,1610612757,POR,Trail Blazers,29,29,24,39,0,0,0,121,2025-11-19,CHI @ POR,2025-26,Regular Season
0022500264,1610612746,LAC,Clippers,24,25,27,25,0,0,0,101,2025-11-20,LAC @ ORL,2025-26,Regular Season
0022500264,1610612753,ORL,Magic,30,31,32,36,0,0,0,129,2025-11-20,LAC @ ORL,2025-26,Regular Season
0022500265,1610612758,SAC,Kings,22,25,29,20,0,0,0,96,2025-11-20,MEM vs. SAC,2025-26,Regular Season
0022500265,1610612763,MEM,Grizzlies,35,40,38,24,0,0,0,137,2025-11-20,MEM vs. SAC,2025-26,Regular Season
0022500266,1610612749,MIL,Bucks,20,37,24,25,8,1,1,114,2025-11-20,PHI @ MIL,2025-26,Regular Season
0022500266,1610612755,PHI,76ers,33,22,22,29,17,1,1,123,2025-11-20,PHI @ MIL,2025-26,Regular Season
0022500267,1610612737,ATL,Hawks,34,26,32,34,0,0,0,126,2025-11-20,SAS vs. ATL,2025-26,Regular Season
0022500267,1610612759,SAS,Spurs,28,46,21,40,0,0,0,135,2025-11-20,SAS vs. ATL,2025-26,Regular Season
0022500048,1610612739,CLE,Cavaliers,33,29,38,20,0,0,0,120,2025-11-21,IND @ CLE,2025-26,Regular Season
0022500048,1610612754,IND,Pacers,31,24,26,28,0,0,0,109,2025-11-21,IND @ CLE,2025-26,Regular Season
0022500049,1610612738,BOS,Celtics,28,25,24,28,0,0,0,105,2025-11-21,BOS vs. BKN,2025-26,Regular Season
0022500049,1610612751,BKN,Nets,22,40,30,21,0,0,0,113,2025-11-21,BOS vs. BKN,2025-26,Regular Season
0022500050,1610612761,TOR,Raptors,31,26,48,35,0,0,0,140,2025-11-21,WAS @ TOR,2025-26,Regular Season
0022500050,1610612764,WAS,Wizards,20,27,30,33,0,0,0,110,2025-11-21,WAS @ TOR,2025-26,Regular Season
0022500051,1610612741,CHI,Bulls,32,20,23,32,0,0,0,107,2025-11-21,MIA @ CHI,2025-26,Regular Season
0022500051,1610612748,MIA,Heat,36,34,32,41,0,0,0,143,2025-11-21,MIA @ CHI,2025-26,Regular Season
0022500052,1610612740,NOP,Pelicans,34,29,22,30,0,0,0,115,2025-11-21,DAL vs. NOP,2025-26,Regular Season
0022500052,1610612742,DAL,Mavericks,25,24,36,33,0,0,0,118,2025-11-21,DAL vs. NOP,2025-26,Regular Season
0022500053,1610612750,MIN,Timberwolves,24,25,33,31,0,0,0,113,2025-11-21,MIN @ PHX,2025-26,Regular Season
0022500053,1610612756,PHX,Suns,32,30,19,33,0,0,0,114,2025-11-21,MIN @ PHX,2025-26,Regular Season
0022500054,1610612743,DEN,Nuggets,25,21,34,32,0,0,0,112,2025-11-21,DEN @ HOU,2025-26,Regular Season
0022500054,1610612745,HOU,Rockets,12,37,29,31,0,0,0,109,2025-11-21,DEN @ HOU,2025-26,Regular Season
0022500055,1610612760,OKC,Thunder,30,37,43,34,0,0,0,144,2025-11-21,OKC @ UTA,2025-26,Regular Season
0022500055,1610612762,UTA,Jazz,44,24,20,24,0,0,0,112,2025-11-21,OKC @ UTA,2025-26,Regular Season
0022500056,1610612744,GSW,Warriors,28,44,25,26,0,0,0,123,2025-11-21,GSW vs. POR,2025-26,Regular Season
0022500056,1610612757,POR,Trail Blazers,35,30,29,33,0,0,0,127,2025-11-21,GSW vs. POR,2025-26,Regular Season
0022500268,1610612746,LAC,Clippers,38,24,34,35,0,0,0,131,2025-11-22,LAC @ CHA,2025-26,Regular Season
0022500268,1610612766,CHA,Hornets,30,27,25,34,0,0,0,116,2025-11-22,LAC @ CHA,2025-26,Regular Season
0022500269,1610612752,NYK,Knicks,29,37,27,28,0,0,0,121,2025-11-22,ORL vs. NYK,2025-26,Regular Season
0022500269,1610612753,ORL,Magic,31,33,34,35,0,0,0,133,2025-11-22,ORL vs. NYK,2025-26,Regular Season
0022500270,1610612737,ATL,Hawks,21,35,32,27,0,0,0,115,2025-11-22,NOP vs. ATL,2025-26,Regular Season
0022500270,1610612740,NOP,Pelicans,25,21,24,28,0,0,0,98,2025-11-22,NOP vs. ATL,2025-26,Regular Season
0022500271,1610612741,CHI,Bulls,40,24,28,29,0,0,0,121,2025-11-22,WAS @ CHI,2025-26,Regular Season
0022500271,1610612764,WAS,Wizards,41,29,28,22,0,0,0,120,2025-11-22,WAS @ CHI,2025-26,Regular Season
0022500272,1610612749,MIL,Bucks,26,26,33,31,0,0,0,116,2025-11-22,MIL vs. DET,2025-26,Regular Season
0022500272,1610612765,DET,Pistons,30,39,35,25,0,0,0,129,2025-11-22,MIL vs. DET,2025-26,Regular Season
0022500273,1610612742,DAL,Mavericks,22,25,26,23,0,0,0,96,2025-11-22,MEM @ DAL,2025-26,Regular Season
0022500273,1610612763,MEM,Grizzlies,21,22,33,26,0,0,0,102,2025-11-22,MEM @ DAL,2025-26,Regular Season
0022500274,1610612743,DEN,Nuggets,35,30,27,31,0,0,0,123,2025-11-22,DEN vs. SAC,2025-26,Regular Season
0022500274,1610612758,SAC,Kings,30,31,30,37,0,0,0,128,2025-11-22,DEN vs. SAC,2025-26,Regular Season
0022500275,1610612748,MIA,Heat,37,34,28,28,0,0,0,127,2025-11-23,MIA @ PHI,2025-26,Regular Season
0022500275,1610612755,PHI,76ers,27,40,26,24,0,0,0,117,2025-11-23,MIA @ PHI,2025-26,Regular Season
0022500276,1610612737,ATL,Hawks,28,25,39,21,0,0,0,113,2025-11-23,ATL vs. CHA,2025-26,Regular Season
0022500276,1610612766,CHA,Hornets,25,30,33,22,0,0,0,110,2025-11-23,ATL vs. CHA,2025-26,Regular Season
0022500277,1610612738,BOS,Celtics,32,48,30,28,0,0,0,138,2025-11-23,BOS vs. ORL,2025-26,Regular Season
0022500277,1610612753,ORL,Magic,27,30,32,40,0,0,0,129,2025-11-23,BOS vs. ORL,2025-26,Regular Season
0022500278,1610612739,CLE,Cavaliers,27,32,33,28,0,0,0,120,2025-11-23,LAC @ CLE,2025-26,Regular Season
0022500278,1610612746,LAC,Clippers,24,28,27,26,0,0,0,105,2025-11-23,LAC @ CLE,2025-26,Regular Season
0022500279,1610612751,BKN,Nets,28,30,24,27,0,0,0,109,2025-11-23,BKN @ TOR,2025-26,Regular Season
0022500279,1610612761,TOR,Raptors,34,31,22,32,0,0,0,119,2025-11-23,BKN @ TOR,2025-26,Regular Season
0022500280,1610612757,POR,Trail Blazers,18,28,22,27,0,0,0,95,2025-11-23,OKC vs. POR,2025-26,Regular Season
0022500280,1610612760,OKC,Thunder,39,28,29,26,0,0,0,122,2025-11-23,OKC vs. POR,2025-26,Regular Season
0022500281,1610612756,PHX,Suns,25,24,24,0,0,0,0,73,2025-11-23,SAS @ PHX,2025-26,Regular Season
0022500281,1610612759,SAS,Spurs,30,26,16,0,0,0,0,72,2025-11-23,SAS @ PHX,2025-26,Regular Season
0022500282,1610612747,LAL,Lakers,32,30,12,0,0,0,0,74,2025-11-23,UTA vs. LAL,2025-26,Regular Season
0022500282,1610612762,UTA,Jazz,30,25,23,0,0,0,0,78,2025-11-23,UTA vs. LAL,2025-26,Regular Season
